Workbook

Sheet general
B1: Ontology | C1: 0.4 | D1: 0.45 | E1: 0.5 | F1: 0.55 | G1: 0.6 | H1: 0.65 | I1: 0.7 | J1: 0.75 | K1: 0.8 | L1: 0.85 | M1: 0.9
C2: Sim_Thershold
B3: SAREF4BLDG | C3: ='0.4'!D2 -> 0.031423361 | D3: ='0.45'!D2 -> 0.026981069 | E3: ='0.5'!D2 -> 0.034143942 | F3: ='0.55'!D2 -> 0.028219376 | G3: ='0.6'!D2 -> 0.0075462472 | H3: ='0.65'!D2 -> 0.00080356721 | I3: ='0.7'!D2 -> 0 | J3: ='0.75'!D2 -> 0 | K3: ='0.8'!D2 -> 0 | L3: ='0.85'!D2 -> 0 | M3: ='0.9'!D2 -> 0
B4: SAREF4ENER | C4: ='0.4'!D3 -> 0.033239789 | D4: ='0.45'!D3 -> 0.037031092 | E4: ='0.5'!D3 -> 0.042519067 | F4: ='0.55'!D3 -> 0.048703597 | G4: ='0.6'!D3 -> 0.050639633 | H4: ='0.65'!D3 -> 0.043795928 | I4: ='0.7'!D3 -> 0.037641527 | J4: ='0.75'!D3 -> 0.03062475 | K4: ='0.8'!D3 -> 0.051856332 | L4: ='0.85'!D3 -> 0.082661319 | M4: ='0.9'!D3 -> 0.087284788
B5: SAREF4GRID | C5: ='0.4'!D4 -> 0.029008658 | D5: ='0.45'!D4 -> 0.030134997 | E5: ='0.5'!D4 -> 0.029302448 | F5: ='0.55'!D4 -> 0.028475625 | G5: ='0.6'!D4 -> 0.026511534 | H5: ='0.65'!D4 -> 0.032080269 | I5: ='0.7'!D4 -> 0.050330348 | J5: ='0.75'!D4 -> 0.053471143 | K5: ='0.8'!D4 -> 0.065080295 | L5: ='0.85'!D4 -> 0.054040018 | M5: ='0.9'!D4 -> 0.043642394
B6: SARGON | C6: ='0.4'!D5 -> 0.026629974 | D6: ='0.45'!D5 -> 0.028810993 | E6: ='0.5'!D5 -> 0.032194609 | F6: ='0.55'!D5 -> 0.036838541 | G6: ='0.6'!D5 -> 0.043671698 | H6: ='0.65'!D5 -> 0.055481892 | I6: ='0.7'!D5 -> 0.057357246 | J6: ='0.75'!D5 -> 0.03786632 | K6: ='0.8'!D5 -> 0.040768111 | L6: ='0.85'!D5 -> 0.057704237 | M6: ='0.9'!D5 -> 0.087284788
B7: SBEO | C7: ='0.4'!D6 -> 0.075835387 | D7: ='0.45'!D6 -> 0.08624438 | E7: ='0.5'!D6 -> 0.10041407 | F7: ='0.55'!D6 -> 0.11974867 | G7: ='0.6'!D6 -> 0.14615575 | H7: ='0.65'!D6 -> 0.17229426 | I7: ='0.7'!D6 -> 0.20550147 | J7: ='0.75'!D6 -> 0.22901591 | K7: ='0.8'!D6 -> 0.22916076 | L7: ='0.85'!D6 -> 0.3237352 | M7: ='0.9'!D6 -> 0.41261702
B8: SSN | C8: ='0.4'!D7 -> 0.086034692 | D8: ='0.45'!D7 -> 0.09379786 | E8: ='0.5'!D7 -> 0.10238847 | F8: ='0.55'!D7 -> 0.10580378 | G8: ='0.6'!D7 -> 0.10517395 | H8: ='0.65'!D7 -> 0.10715048 | I8: ='0.7'!D7 -> 0.09125115 | J8: ='0.75'!D7 -> 0.091198201 | K8: ='0.8'!D7 -> 0.10608781 | L8: ='0.85'!D7 -> 0.053982314 | M8: ='0.9'!D7 -> 0.043642394
B9: CIM | C9: ='0.4'!D8 -> 0.006272597 | D9: ='0.45'!D8 -> 0.0073852469 | E9: ='0.5'!D8 -> 0.009376221 | F9: ='0.55'!D8 -> 0.013142175 | G9: ='0.6'!D8 -> 0.017781573 | H9: ='0.65'!D8 -> 0.018424778 | I9: ='0.7'!D8 -> 0.011555101 | J9: ='0.75'!D8 -> 0.005833768 | K9: ='0.8'!D8 -> 0 | L9: ='0.85'!D8 -> 0 | M9: ='0.9'!D8 -> 0
B10: EM-KPI | C10: ='0.4'!D9 -> 0.64910325 | D10: ='0.45'!D9 -> 0.61961445 | E10: ='0.5'!D9 -> 0.56743516 | F10: ='0.55'!D9 -> 0.5175972 | G10: ='0.6'!D9 -> 0.47959283 | H10: ='0.65'!D9 -> 0.42533673 | I10: ='0.7'!D9 -> 0.36465897 | J10: ='0.75'!D9 -> 0.32802285 | K10: ='0.8'!D9 -> 0.29089569 | L10: ='0.85'!D9 -> 0.25251374 | M10: ='0.9'!D9 -> 0.17456958
B11: FSO | C11: ='0.4'!D10 -> 0.062452296 | D11: ='0.45'!D10 -> 0.069999912 | E11: ='0.5'!D10 -> 0.082226015 | F11: ='0.55'!D10 -> 0.10147103 | G11: ='0.6'!D10 -> 0.12292679 | H11: ='0.65'!D10 -> 0.1446321 | I11: ='0.7'!D10 -> 0.18170419 | J11: ='0.75'!D10 -> 0.22396706 | K11: ='0.8'!D10 -> 0.216151 | L11: ='0.85'!D10 -> 0.17536318 | M11: ='0.9'!D10 -> 0.15095904

Sheet 0.4
A1: Column1 | B1: Ontology | C1: BERT_Sim | D1: Column2
B2: SAREF4BLDG | C2: 1150.731 | D2: =C2/C11 -> 0.031423361
B3: SAREF4ENER | C3: 1217.249 | D3: =C3/C11 -> 0.033239789
B4: SAREF4GRID | C4: 1062.304 | D4: =C4/C11 -> 0.029008658
B5: SARGON | C5: 975.196 | D5: =C5/C11 -> 0.026629974
B6: SBEO | C6: 2777.11 | D6: =C6/C11 -> 0.075835387
B7: SSN | C7: 3150.611 | D7: =C7/C11 -> 0.086034692
B8: CIM | C8: 229.704 | D8: =C8/C11 -> 0.006272597
B9: EM-KPI | C9: 23770.316 | D9: =C9/C11 -> 0.64910325
B10: FSO | C10: 2287.018 | D10: =C10/C11 -> 0.062452296
A11: Sum | C11: =SUM(C2:C10) -> 36620.239
A12: Sim_threshold | C12: 0.4

Sheet 0.5
A1: Column1 | B1: Ontology | C1: BERT_Sim | D1: Column2
A2: 0 | B2: SAREF4BLDG | C2: 726.026 | D2: =C2/C11 -> 0.034143942
A3: 1 | B3: SAREF4ENER | C3: 904.112 | D3: =C3/C11 -> 0.042519067
A4: 2 | B4: SAREF4GRID | C4: 623.078 | D4: =C4/C11 -> 0.029302448
A5: 3 | B5: SARGON | C5: 684.576 | D5: =C5/C11 -> 0.032194609
A6: 4 | B6: SBEO | C6: 2135.173 | D6: =C6/C11 -> 0.10041407
A7: 5 | B7: SSN | C7: 2177.156 | D7: =C7/C11 -> 0.10238847
A8: 6 | B8: CIM | C8: 199.373 | D8: =C8/C11 -> 0.009376221
A9: 7 | B9: EM-KPI | C9: 12065.762 | D9: =C9/C11 -> 0.56743516
A10: 8 | B10: FSO | C10: 1748.428 | D10: =C10/C11 -> 0.082226015
A11: Sum | C11: =SUM(C2:C10) -> 21263.684
A12: Sim_threshold | C12: 0.5

Sheet 0.6
A1: Column1 | B1: Ontology | C1: BERT_Sim | D1: Column2
A2: 0 | B2: SAREF4BLDG | C2: 55.157 | D2: =C2/C11 -> 0.0075462472
A3: 1 | B3: SAREF4ENER | C3: 370.135 | D3: =C3/C11 -> 0.050639633
A4: 2 | B4: SAREF4GRID | C4: 193.778 | D4: =C4/C11 -> 0.026511534
A5: 3 | B5: SARGON | C5: 319.205 | D5: =C5/C11 -> 0.043671698
A6: 4 | B6: SBEO | C6: 1068.281 | D6: =C6/C11 -> 0.14615575
A7: 5 | B7: SSN | C7: 768.737 | D7: =C7/C11 -> 0.10517395
A8: 6 | B8: CIM | C8: 129.969 | D8: =C8/C11 -> 0.017781573
A9: 7 | B9: EM-KPI | C9: 3505.438 | D9: =C9/C11 -> 0.47959283
A10: 8 | B10: FSO | C10: 898.496 | D10: =C10/C11 -> 0.12292679
A11: Sum | C11: =SUM(C2:C10) -> 7309.196
A12: Sim_threshold | C12: 0.6

Sheet 0.7
A1: Column1 | B1: Ontology | C1: BERT_Sim | D1: Column2
A2: 0 | B2: SAREF4BLDG | C2: 0 | D2: =C2/C11 -> 0
A3: 1 | B3: SAREF4ENER | C3: 45.088 | D3: =C3/C11 -> 0.037641527
A4: 2 | B4: SAREF4GRID | C4: 60.287 | D4: =C4/C11 -> 0.050330348
A5: 3 | B5: SARGON | C5: 68.704 | D5: =C5/C11 -> 0.057357246
A6: 4 | B6: SBEO | C6: 246.155 | D6: =C6/C11 -> 0.20550147
A7: 5 | B7: SSN | C7: 109.303 | D7: =C7/C11 -> 0.09125115
A8: 6 | B8: CIM | C8: 13.841 | D8: =C8/C11 -> 0.011555101
A9: 7 | B9: EM-KPI | C9: 436.798 | D9: =C9/C11 -> 0.36465897
A10: 8 | B10: FSO | C10: 217.65 | D10: =C10/C11 -> 0.18170419
A11: Sum | C11: =SUM(C2:C10) -> 1197.826
A12: Sim_threshold | C12: 0.7

Sheet 0.8
A1: Column1 | B1: Ontology | C1: BERT_Sim | D1: Column2
A2: 0 | B2: SAREF4BLDG | C2: 0 | D2: =C2/C11 -> 0
A3: 1 | B3: SAREF4ENER | C3: 8.231 | D3: =C3/C11 -> 0.051856332
A4: 2 | B4: SAREF4GRID | C4: 10.33 | D4: =C4/C11 -> 0.065080295
A5: 3 | B5: SARGON | C5: 6.471 | D5: =C5/C11 -> 0.040768111
A6: 4 | B6: SBEO | C6: 36.374 | D6: =C6/C11 -> 0.22916076
A7: 5 | B7: SSN | C7: 16.839 | D7: =C7/C11 -> 0.10608781
A8: 6 | B8: CIM | C8: 0 | D8: =C8/C11 -> 0
A9: 7 | B9: EM-KPI | C9: 46.173 | D9: =C9/C11 -> 0.29089569
A10: 8 | B10: FSO | C10: 34.309 | D10: =C10/C11 -> 0.216151
A11: Sum | C11: =SUM(C2:C10) -> 158.727
A12: Sim_threshold | C12: 0.8

Sheet 0.9
A1: Column1 | B1: Ontology | C1: BERT_Sim | D1: Column2
A2: 0 | B2: SAREF4BLDG | C2: 0 | D2: =C2/C11 -> 0
A3: 1 | B3: SAREF4ENER | C3: 4 | D3: =C3/C11 -> 0.087284788
A4: 2 | B4: SAREF4GRID | C4: 2 | D4: =C4/C11 -> 0.043642394
A5: 3 | B5: SARGON | C5: 4 | D5: =C5/C11 -> 0.087284788
A6: 4 | B6: SBEO | C6: 18.909 | D6: =C6/C11 -> 0.41261702
A7: 5 | B7: SSN | C7: 2 | D7: =C7/C11 -> 0.043642394
A8: 6 | B8: CIM | C8: 0 | D8: =C8/C11 -> 0
A9: 7 | B9: EM-KPI | C9: 8 | D9: =C9/C11 -> 0.17456958
A10: 8 | B10: FSO | C10: 6.918 | D10: =C10/C11 -> 0.15095904
A11: Sum | C11: =SUM(C2:C10) -> 45.827
A12: Sim_threshold | C12: 0.9

Sheet 0.45
A1: Column1 | B1: Ontology | C1: BERT_Sim | D1: Column2
A2: 0 | B2: SAREF4BLDG | C2: 794.839 | D2: =C2/C11 -> 0.026981069
A3: 1 | B3: SAREF4ENER | C3: 1090.904 | D3: =C3/C11 -> 0.037031092
A4: 2 | B4: SAREF4GRID | C4: 887.751 | D4: =C4/C11 -> 0.030134997
A5: 3 | B5: SARGON | C5: 848.747 | D5: =C5/C11 -> 0.028810993
A6: 4 | B6: SBEO | C6: 2540.685 | D6: =C6/C11 -> 0.08624438
A7: 5 | B7: SSN | C7: 2763.204 | D7: =C7/C11 -> 0.09379786
A8: 6 | B8: CIM | C8: 217.563 | D8: =C8/C11 -> 0.0073852469
A9: 7 | B9: EM-KPI | C9: 18253.307 | D9: =C9/C11 -> 0.61961445
A10: 8 | B10: FSO | C10: 2062.137 | D10: =C10/C11 -> 0.069999912
A11: Sum | C11: =SUM(C2:C10) -> 29459.137
A12: Sim_threshold | C12: 0.45

Sheet 0.55
A1: Column1 | B1: Ontology | C1: BERT_Sim | D1: Column2
A2: 0 | B2: SAREF4BLDG | C2: 376.297 | D2: =C2/C11 -> 0.028219376
A3: 1 | B3: SAREF4ENER | C3: 649.448 | D3: =C3/C11 -> 0.048703597
A4: 2 | B4: SAREF4GRID | C4: 379.714 | D4: =C4/C11 -> 0.028475625
A5: 3 | B5: SARGON | C5: 491.231 | D5: =C5/C11 -> 0.036838541
A6: 4 | B6: SBEO | C6: 1596.813 | D6: =C6/C11 -> 0.11974867
A7: 5 | B7: SSN | C7: 1410.862 | D7: =C7/C11 -> 0.10580378
A8: 6 | B8: CIM | C8: 175.247 | D8: =C8/C11 -> 0.013142175
A9: 7 | B9: EM-KPI | C9: 6902.005 | D9: =C9/C11 -> 0.5175972
A10: 8 | B10: FSO | C10: 1353.086 | D10: =C10/C11 -> 0.10147103
A11: Sum | C11: =SUM(C2:C10) -> 13334.703
A12: Sim_threshold | C12: 0.55

Sheet 0.65
A1: Column1 | B1: Ontology | C1: BERT_Sim | D1: Column2
A2: 0 | B2: SAREF4BLDG | C2: 2.652 | D2: =C2/C11 -> 0.00080356721
A3: 1 | B3: SAREF4ENER | C3: 144.539 | D3: =C3/C11 -> 0.043795928
A4: 2 | B4: SAREF4GRID | C4: 105.874 | D4: =C4/C11 -> 0.032080269
A5: 3 | B5: SARGON | C5: 183.106 | D5: =C5/C11 -> 0.055481892
A6: 4 | B6: SBEO | C6: 568.62 | D6: =C6/C11 -> 0.17229426
A7: 5 | B7: SSN | C7: 353.627 | D7: =C7/C11 -> 0.10715048
A8: 6 | B8: CIM | C8: 60.807 | D8: =C8/C11 -> 0.018424778
A9: 7 | B9: EM-KPI | C9: 1403.732 | D9: =C9/C11 -> 0.42533673
A10: 8 | B10: FSO | C10: 477.327 | D10: =C10/C11 -> 0.1446321
A11: Sum | C11: =SUM(C2:C10) -> 3300.284
A12: Sim_threshold | C12: 0.65

Sheet 0.75
A1: Column1 | B1: Ontology | C1: BERT_Sim | D1: Column2
A2: 0 | B2: SAREF4BLDG | C2: 0 | D2: =C2/C11 -> 0
A3: 1 | B3: SAREF4ENER | C3: 12.095 | D3: =C3/C11 -> 0.03062475
A4: 2 | B4: SAREF4GRID | C4: 21.118 | D4: =C4/C11 -> 0.053471143
A5: 3 | B5: SARGON | C5: 14.955 | D5: =C5/C11 -> 0.03786632
A6: 4 | B6: SBEO | C6: 90.448 | D6: =C6/C11 -> 0.22901591
A7: 5 | B7: SSN | C7: 36.018 | D7: =C7/C11 -> 0.091198201
A8: 6 | B8: CIM | C8: 2.304 | D8: =C8/C11 -> 0.005833768
A9: 7 | B9: EM-KPI | C9: 129.55 | D9: =C9/C11 -> 0.32802285
A10: 8 | B10: FSO | C10: 88.454 | D10: =C10/C11 -> 0.22396706
A11: Sum | C11: =SUM(C2:C10) -> 394.942
A12: Sim_threshold | C12: 0.75

Sheet 0.85
A1: Column1 | B1: Ontology | C1: BERT_Sim | D1: Column2
A2: 0 | B2: SAREF4BLDG | C2: 0 | D2: =C2/C11 -> 0
A3: 1 | B3: SAREF4ENER | C3: 5.73 | D3: =C3/C11 -> 0.082661319
A4: 2 | B4: SAREF4GRID | C4: 3.746 | D4: =C4/C11 -> 0.054040018
A5: 3 | B5: SARGON | C5: 4 | D5: =C5/C11 -> 0.057704237
A6: 4 | B6: SBEO | C6: 22.441 | D6: =C6/C11 -> 0.3237352
A7: 5 | B7: SSN | C7: 3.742 | D7: =C7/C11 -> 0.053982314
A8: 6 | B8: CIM | C8: 0 | D8: =C8/C11 -> 0
A9: 7 | B9: EM-KPI | C9: 17.504 | D9: =C9/C11 -> 0.25251374
A10: 8 | B10: FSO | C10: 12.156 | D10: =C10/C11 -> 0.17536318
A11: Sum | C11: =SUM(C2:C10) -> 69.319
A12: Sim_threshold | C12: 0.85
